train_dataset,eval_dataset,model,train_seed,pattern,size,condition,actual_ratio,MAE_hole,MSE_hole,PSNR_hole,PSNR_full,SSIM_full,inference_ms,parameter_count,n_pairs
imagenette,imagenette,autoencoder,42,C,15,C15,0.14993316650390626,0.11777879231423136,0.030398332256459933,16.408840202331543,24.650010934829712,0.8936298291683197,0.7966589112038491,1947459.0,1000
imagenette,imagenette,autoencoder,42,C,30,C30,0.3001016845703125,0.1300245996750891,0.0356563537868205,15.407503067970277,20.63490562725067,0.7794381216168403,0.7966589112038491,1947459.0,1000
imagenette,imagenette,autoencoder,42,C,50,C50,0.499941650390625,0.13867232795991,0.03931377224938473,14.74071336364746,17.751561284065247,0.6282422675490379,0.7966589112038491,1947459.0,1000
imagenette,imagenette,autoencoder,42,F,15,F15,0.1496011962890625,0.08059045306686308,0.015475659833878986,19.187712017059326,27.43934173965454,0.9179855985045433,0.7965772244642721,1947459.0,1000
imagenette,imagenette,autoencoder,42,F,30,F30,0.30016790771484375,0.09534237073175605,0.02163430946267904,17.61195223236084,22.83858441066742,0.8218885139226914,0.7965772244642721,1947459.0,1000
imagenette,imagenette,autoencoder,42,F,50,F50,0.49983245849609376,0.11549006822891529,0.02970157483825455,16.011205929756166,19.02307908821106,0.680072735786438,0.7966174498433247,1947459.0,1000
imagenette,imagenette,autoencoder,42,H,15,H15,0.1499193115234375,0.07389633548725393,0.013291369268728837,19.72214921951294,27.96372378540039,0.9196874178647995,0.7966174498433247,1947459.0,1000
imagenette,imagenette,autoencoder,42,H,30,H30,0.29999273681640626,0.08140660943370308,0.016204996054380853,18.715085074424742,23.944022003173828,0.8294951782822609,0.7966174498433247,1947459.0,1000
imagenette,imagenette,autoencoder,42,H,50,H50,0.5006434936523437,0.09011892870813604,0.019740599037497256,17.772408768653868,20.77714597415924,0.7014073600769043,0.7966174498433247,1947459.0,1000
imagenette,imagenette,autoencoder,42,R,15,R15,0.14993316650390626,0.10834632338210937,0.02665120022426704,17.246278290748595,25.487449083328247,0.899227168738842,0.7966589112038491,1947459.0,1000
imagenette,imagenette,autoencoder,42,R,30,R30,0.3001016845703125,0.12330322278477247,0.03273715929267923,15.76537611579895,20.99277867126465,0.7873812312483788,0.7965772244642721,1947459.0,1000
imagenette,imagenette,autoencoder,42,R,50,R50,0.499941650390625,0.1384540864024311,0.03930246973643074,14.78326562166214,17.79411350727081,0.6332920635640621,0.7965772244642721,1947459.0,1000
imagenette,imagenette,unet,42,C,15,C15,0.14993316650390626,0.11361674603167916,0.029922988768710593,16.510267387390137,24.751438159942627,0.8979367406368256,0.9250334754178766,2140995.0,1000
imagenette,imagenette,unet,42,C,30,C30,0.3001016845703125,0.12662637953273947,0.035385368256713214,15.465029398918151,20.692431953430177,0.7858634571433067,0.9250334754178766,2140995.0,1000
imagenette,imagenette,unet,42,C,50,C50,0.499941650390625,0.13581313793733713,0.03902498082211237,14.801680320739747,17.812528242111206,0.6361959908604622,0.9250334754178766,2140995.0,1000
imagenette,imagenette,unet,42,F,15,F15,0.1496011962890625,0.07327421526750545,0.014312342481149192,19.639763248443604,27.89139300918579,0.9260865133404732,0.924905472296814,2140995.0,1000
imagenette,imagenette,unet,42,F,30,F30,0.30016790771484375,0.09037557349447156,0.021035164013621353,17.79066359424591,23.01729576969147,0.8311907770037651,0.924905472296814,2140995.0,1000
imagenette,imagenette,unet,42,F,50,F50,0.49983245849609376,0.11217497371323402,0.029551632363349154,16.07099290561676,19.082866010665892,0.6879561826586723,0.9248594306918676,2140995.0,1000
imagenette,imagenette,unet,42,H,15,H15,0.1499193115234375,0.0652933005103841,0.011904143634746966,20.3065197057724,28.548094301223756,0.9304692711234093,0.9248594306918676,2140995.0,1000
imagenette,imagenette,unet,42,H,30,H30,0.29999273681640626,0.07500265345722433,0.0153454576816875,19.018139305114747,24.247076286315917,0.8438961343169212,0.9248594306918676,2140995.0,1000
imagenette,imagenette,unet,42,H,50,H50,0.5006434936523437,0.08488677954487499,0.019126615173183332,17.950519547462463,20.95525675868988,0.7190403472781182,0.9248594306918676,2140995.0,1000
imagenette,imagenette,unet,42,R,15,R15,0.14993316650390626,0.10463998788502063,0.02638703702930065,17.345493160247802,25.586663942337037,0.9030672597885132,0.9250334754178766,2140995.0,1000
imagenette,imagenette,unet,42,R,30,R30,0.3001016845703125,0.12032205250021066,0.032708303448889586,15.809142966270446,21.03654548072815,0.7931694368720055,0.924905472296814,2140995.0,1000
imagenette,imagenette,unet,42,R,50,R50,0.499941650390625,0.1355731099527329,0.03900449344830117,14.853138952732087,17.863986864089966,0.6403963587880135,0.924905472296814,2140995.0,1000
imagenette,pets,autoencoder,42,C,15,C15,0.149927734375,0.11014058997854587,0.025612344673718278,17.09824910545349,25.339567909240724,0.8967761381864547,0.7963037353183609,1947459.0,500
imagenette,pets,autoencoder,42,C,30,C30,0.2999268798828125,0.12684164255112404,0.03259965885290872,15.675180250167847,20.905103620529175,0.7828948582410813,0.7963037353183609,1947459.0,500
imagenette,pets,autoencoder,42,C,50,C50,0.499913330078125,0.1377478009015321,0.0371549366805702,14.893230455398559,17.90431993293762,0.6326714432239533,0.7963037353183609,1947459.0,500
imagenette,pets,autoencoder,42,F,15,F15,0.1496492919921875,0.07323156706988808,0.012199578160187182,20.15245927810669,28.402658500671386,0.9224150272607803,0.7961885661497945,1947459.0,500
imagenette,pets,autoencoder,42,F,30,F30,0.2996883544921875,0.09161596250534053,0.01895849899388845,18.070902198791504,23.30445307159424,0.824696382522583,0.7961885661497945,1947459.0,500
imagenette,pets,autoencoder,42,F,50,F50,0.500055908203125,0.11091962482035156,0.025952722699847025,16.47275419807434,19.482682279586793,0.6864524087905883,0.7960703838762129,1947459.0,500
imagenette,pets,autoencoder,42,H,15,H15,0.14986962890625,0.06716119787469502,0.010539548763190349,20.63709811401367,28.880111316680907,0.9241029275655747,0.7960703838762129,1947459.0,500
imagenette,pets,autoencoder,42,H,30,H30,0.2999603271484375,0.07585609649494286,0.01336360412719655,19.4286644115448,24.65807078933716,0.8361435029506683,0.7960703838762129,1947459.0,500
imagenette,pets,autoencoder,42,H,50,H50,0.5006610107421875,0.08447185850888486,0.016377216832712246,18.431617780685425,21.436201250076294,0.7100664818286896,0.7960703838762129,1947459.0,500
imagenette,pets,autoencoder,42,R,15,R15,0.149927734375,0.10436726882122453,0.024070187048404426,17.561326133728027,25.802644927978516,0.9022983498573304,0.7963037353183609,1947459.0,500
imagenette,pets,autoencoder,42,R,30,R30,0.2999268798828125,0.12299489831179376,0.03101415992621328,15.93260315132141,21.16252649116516,0.7896440684795379,0.7961885661497945,1947459.0,500
imagenette,pets,autoencoder,42,R,50,R50,0.499913330078125,0.13789671178907154,0.037118029944598625,14.934063787460326,17.945153299331665,0.6366292189359665,0.7961885661497945,1947459.0,500
imagenette,pets,unet,42,C,15,C15,0.149927734375,0.10705099559202785,0.02570825666148444,17.168851224899292,25.410170051574706,0.9004680180549621,0.9232733891549287,2140995.0,500
imagenette,pets,unet,42,C,30,C30,0.2999268798828125,0.12450246951729055,0.03286893572146068,15.700275802612305,20.930199123382568,0.7884979013204575,0.9232733891549287,2140995.0,500
imagenette,pets,unet,42,C,50,C50,0.499913330078125,0.1353087001442909,0.037098291314206965,14.915374116897583,17.92646361541748,0.640512015581131,0.9232733891549287,2140995.0,500
imagenette,pets,unet,42,F,15,F15,0.1496492919921875,0.06628761689364907,0.011313122500665436,20.572734428405763,28.822933704376222,0.9299633333683014,0.9230557651026174,2140995.0,500
imagenette,pets,unet,42,F,30,F30,0.2996883544921875,0.08735382359847423,0.018829083194956135,18.16745846557617,23.40100936126709,0.8331456770896911,0.9230557651026174,2140995.0,500
imagenette,pets,unet,42,F,50,F50,0.500055908203125,0.10702779080718751,0.02559160023555155,16.565078857421874,19.575007009506226,0.694651225566864,0.9228177606855752,2140995.0,500
imagenette,pets,unet,42,H,15,H15,0.14986962890625,0.05902476198226209,0.00944012229598588,21.1868458442688,29.42985906600952,0.9340617243051529,0.9228177606855752,2140995.0,500
imagenette,pets,unet,42,H,30,H30,0.2999603271484375,0.0700074197389185,0.012831595543771935,19.625348470687864,24.854754734039307,0.8493276904821396,0.9228177606855752,2140995.0,500
imagenette,pets,unet,42,H,50,H50,0.5006610107421875,0.07896883367002006,0.01575516238436098,18.609894786834715,21.6144783039093,0.7272973963022232,0.9228177606855752,2140995.0,500
imagenette,pets,unet,42,R,15,R15,0.149927734375,0.10111234956793483,0.024378825832623942,17.66214915847778,25.90346787261963,0.9059848169088364,0.9232733891549287,2140995.0,500
imagenette,pets,unet,42,R,30,R30,0.2999268798828125,0.12031217073649164,0.031085117441136345,15.966833793640136,21.196757083892823,0.7951783483028412,0.9230557651026174,2140995.0,500
imagenette,pets,unet,42,R,50,R50,0.499913330078125,0.1351419962495565,0.0368946650861762,14.995244245529175,18.006333736419677,0.6442040412425994,0.9230557651026174,2140995.0,500
