epoch,epoch_time,train_loss,val_MAE_hole,val_PSNR_hole,lr,best_epoch,checkpoint_path
1,68.65218883799389,0.19156001766522726,0.14214118229432238,15.155690947241254,0.001,1,/root/deep_learning/outputs/checkpoints/unet_seed42_best.pt
2,67.78475399012677,0.14772123217582703,0.1363967950693849,15.312222072813245,0.001,2,/root/deep_learning/outputs/checkpoints/unet_seed42_best.pt
3,67.80027809506282,0.1400915249188741,0.13411474083239833,15.603309763272604,0.001,3,/root/deep_learning/outputs/checkpoints/unet_seed42_best.pt
4,67.72362560592592,0.13420815036694209,0.127137107957258,15.802578177452087,0.001,4,/root/deep_learning/outputs/checkpoints/unet_seed42_best.pt
5,67.94626431609504,0.1294697425365448,0.12139022448048409,16.06842555867301,0.001,5,/root/deep_learning/outputs/checkpoints/unet_seed42_best.pt
6,67.94828553497791,0.1256308934688568,0.11887325594977786,16.343606155316035,0.001,6,/root/deep_learning/outputs/checkpoints/unet_seed42_best.pt
7,67.46449514408596,0.12209032694498698,0.11773842574200696,16.335651609897614,0.001,7,/root/deep_learning/outputs/checkpoints/unet_seed42_best.pt
8,67.43451259098947,0.1187621879975001,0.11675255382640494,16.580879934893716,0.001,8,/root/deep_learning/outputs/checkpoints/unet_seed42_best.pt
9,67.79549517785199,0.117454663058122,0.11361218072318782,16.578581508927876,0.001,9,/root/deep_learning/outputs/checkpoints/unet_seed42_best.pt
10,67.77822255087085,0.11618448193868001,0.1132644632137898,16.59262769156032,0.001,10,/root/deep_learning/outputs/checkpoints/unet_seed42_best.pt
11,67.27000392181799,0.1144549303650856,0.11222682117381029,16.7703335208363,0.001,11,/root/deep_learning/outputs/checkpoints/unet_seed42_best.pt
12,67.46588758612052,0.11429800474643707,0.1132038427144289,16.67201516972648,0.001,11,/root/deep_learning/outputs/checkpoints/unet_seed42_best.pt
13,67.67879545199685,0.11347710386912029,0.11178093210587071,16.714820508029725,0.001,13,/root/deep_learning/outputs/checkpoints/unet_seed42_best.pt
14,67.70761835691519,0.11224546609322231,0.11077320837933156,16.850877880387834,0.001,14,/root/deep_learning/outputs/checkpoints/unet_seed42_best.pt
15,67.66929998504929,0.11236231780052185,0.10892027759096688,16.894641690916487,0.001,15,/root/deep_learning/outputs/checkpoints/unet_seed42_best.pt
16,67.47027803212404,0.11097861723105112,0.10770803983763068,16.989397344324324,0.001,16,/root/deep_learning/outputs/checkpoints/unet_seed42_best.pt
17,67.67954373010434,0.11133874283234278,0.1080748655134812,16.987757461335924,0.001,16,/root/deep_learning/outputs/checkpoints/unet_seed42_best.pt
18,67.65408520586789,0.10994685880343119,0.10836840007040235,16.90081589354409,0.0005,16,/root/deep_learning/outputs/checkpoints/unet_seed42_best.pt
19,67.5610814532265,0.10749759840965271,0.10518388651389007,17.23543876224094,0.0005,19,/root/deep_learning/outputs/checkpoints/unet_seed42_best.pt
20,67.62587360898033,0.10704042259852091,0.10431687895751869,17.21084687815772,0.0005,20,/root/deep_learning/outputs/checkpoints/unet_seed42_best.pt
21,67.86064306809567,0.10638000669082005,0.10438348498661071,17.32950604478518,0.0005,20,/root/deep_learning/outputs/checkpoints/unet_seed42_best.pt
22,67.5545490719378,0.1065877456665039,0.10355963453857435,17.26825641738044,0.0005,22,/root/deep_learning/outputs/checkpoints/unet_seed42_best.pt
23,67.78329439694062,0.10533705389499665,0.10345859577232558,17.313147575855254,0.0005,23,/root/deep_learning/outputs/checkpoints/unet_seed42_best.pt
24,67.52737119002268,0.10489760975042979,0.10448381486297068,17.19629013154242,0.0005,23,/root/deep_learning/outputs/checkpoints/unet_seed42_best.pt
25,67.32144668209367,0.10440385391314824,0.1027227426183203,17.330923262967005,0.0005,25,/root/deep_learning/outputs/checkpoints/unet_seed42_best.pt
26,67.99616340198554,0.10496011076370874,0.10308613298874762,17.291992586983575,0.0005,25,/root/deep_learning/outputs/checkpoints/unet_seed42_best.pt
27,67.6528423121199,0.10594179745515188,0.10283128087693412,17.438249279658,0.00025,25,/root/deep_learning/outputs/checkpoints/unet_seed42_best.pt
28,67.73510722001083,0.10330579137802123,0.10141113133506022,17.47383527610037,0.00025,28,/root/deep_learning/outputs/checkpoints/unet_seed42_best.pt
29,67.93656898289919,0.10331002271175385,0.10136052675027814,17.464466127289665,0.00025,29,/root/deep_learning/outputs/checkpoints/unet_seed42_best.pt
30,68.34777708910406,0.10332610273361206,0.1009977442605628,17.46059306661288,0.00025,30,/root/deep_learning/outputs/checkpoints/unet_seed42_best.pt
